INSERT INTO gip5.persoon(id, adres, default_rol, email, geboortedatum, geslacht, naam, gsm,telefoon, voornaam,wachtwoord, api)
VALUES (100, 'Place Fayat 433 Hingene Antwerpen', 0, 'admin', '1971-02-11', 'V', 'Caisse', '04818223013', '+324818223013', 'Pierrette', 'admin', '2b74e0744a6a489d9caf0881952d48d4');
INSERT INTO gip5.persoon(id, adres, default_rol, email, geboortedatum, geslacht, naam, gsm, telefoon, voornaam,wachtwoord, api)
VALUES (200, 'Chaussée de Tirlemont 478 Wegnez Liège', 1, 'R.holthuis@telenet.be', '1989-03-14', 'M', 'Holthuis', '04775581161', '+324775581161', 'Rindert', 'Histras5489', '772e2de14e2d4de1b3eaab5b626845e2');
INSERT INTO gip5.persoon(id, adres, default_rol, email, geboortedatum, geslacht, naam,telefoon,gsm, voornaam,wachtwoord, api)
VALUES (300, 'Rue du Manoir 90 Agimont Namur', 1, 'C.jon239@outlook.com', '1981-02-22', 'M', 'Leegwater', '+324861735365', '04861735365', 'Johnathan', 'Chisce2408', '9cd54209d03f42ca956ee18574a9e284');
INSERT INTO gip5.persoon(id, adres, default_rol, email, geboortedatum, geslacht, naam, telefoon,gsm, voornaam,wachtwoord, api)
VALUES (400, 'Rue des Taillis Gits Mons', 3, 'Roelle123@telenet.be', '1992-02-26', 'V', 'Vlug', '+324784996735', '04784996735', 'Roëlle', 'Hentive929062', 'c84c5be97ca94721bf4b969a88d74d77');

INSERT INTO gip5.persoon(id, adres, default_rol, email, geboortedatum, geslacht, naam, gsm, telefoon, voornaam,wachtwoord, api)
VALUES (500, 'Kapelaniestraat 21  Lesve Namur', 4, 'MirjaVerburg@outlook.be', '1998-10-29', 'V', 'Verburg', '0491478034', '+32491478034', 'Mirja', 'Sajoh7ko', '09611de0d00346b2837fa6a53fb00133');
INSERT INTO gip5.persoon(id, adres, default_rol, email, geboortedatum, geslacht, naam, gsm, telefoon, voornaam,wachtwoord, api)
VALUES (600, 'Drève des Bouleaux 160 Ermeton-sur-biert Namur', 5, 'GisellaDoornkamp@telenet.be', '1949-05-26', 'V', 'Doornkamp', '0474110777', '+32474110777', 'Gisella', 'Too4phoh', '90de0b6439ec4b6c9857b5d9494fba71');
INSERT INTO gip5.persoon(id, adres, default_rol, email, geboortedatum, geslacht, naam, gsm, telefoon, voornaam,wachtwoord, api)
VALUES (700, 'Westdorp 15 Tongeren', 2, 'RobertoRobben@skynet.be', '1944-05-29', 'M', 'Robben', '0486813944', '+32486813944', 'Roberto', 'eesuiLou8', '3a0b67253dbc4effbe1714807493239a');
INSERT INTO gip5.persoon(id, adres, default_rol, email, geboortedatum, geslacht, naam, gsm, telefoon, voornaam,wachtwoord, api)
VALUES (800, 'Ramselsesteenweg 223 Luik', 2, 'nathens@gmail.com', '1992-07-23', 'M', 'Goossens', '0609946819', '+32609946819', 'Jef', '13b83790', 'c4f55dbbd25431e8865aa79b35c108d');
INSERT INTO gip5.persoon(id, adres, default_rol, email, geboortedatum, geslacht, naam, gsm, telefoon, voornaam,wachtwoord, api)
VALUES (900, 'Hoge Wei 101 Henegouwen', 2, 'gabriere@gmail.com', '1998-09-22', 'M', 'Grégoire', '049021233', '+3216921233', 'Gabriel', 'cbec421a', '9ece4882cc2d4869a51ffde4eb2aaf9b');
INSERT INTO gip5.persoon(id, adres, default_rol, email, geboortedatum, geslacht, naam, gsm, telefoon, voornaam,wachtwoord, api)
VALUES (1000, 'Machelsesteenweg 485 Berchem', 2, 'emielin@gmail.com', '2000-04-23', 'M', 'Collin', '041407378', '+3241407378', 'Emiel', '4ee10b03', 'd79d16023b0343f289471813a91dd0a2');
INSERT INTO gip5.persoon(id, adres, default_rol, email, geboortedatum, geslacht, naam, gsm, telefoon, voornaam,wachtwoord, api)
VALUES (1100, 'Kerkstraat 102 Antwerpen', 2, 'mathand@gmail.com', '1995-03-23', 'M', 'Roland', '04263549', '+3216263549', 'Mathis', '623d4b4f', '09b8b71d149849b785b6e4ef4d94f8eb');
INSERT INTO gip5.persoon(id, adres, default_rol, email, geboortedatum, geslacht, naam, gsm, telefoon, voornaam,wachtwoord, api)
VALUES (1200, 'Mandemakersstraat 98 Wiekevorst', 2, 'yaniedt@gmail.com', '1997-09-21', 'M', 'De Smedt', '052705176', '+3252705176', 'Yanis', 'c832c327', 'fa4a343d6e8b4653b4909a3d13deb67d');
INSERT INTO gip5.persoon(id, adres, default_rol, email, geboortedatum, geslacht, naam, gsm, telefoon, voornaam,wachtwoord, api)
VALUES (1300, 'Luchthavenlaan 26 Moerzeke', 2, 'xandelde@gmail.com', '1999-11-23', 'M', 'De Wilde', '0973683252', '+32973683252', 'Xander', 'db18384f', '458e448f0522488782e143c555874aeb');

-- INSERT INTO gip5.persoon(id, adres, default_rol, email, geboortedatum, geslacht, naam, gsm, telefoon, voornaam,wachtwoord, api)
-- VALUES (4, 'straat', 1, 'email', 'datum', 'geslacht', 'achternaam', 'gsm', 'telefoon', 'voornaam', 'ww', 'api');
INSERT INTO gip5.ploeg(id, naam) VALUES (100, 'RFC Sérésien');
INSERT INTO gip5.ploeg(id, naam) VALUES (200, 'FC Hemiksem');
INSERT INTO gip5.ploeg(id, naam) VALUES (300, 'RCS Brainois');
INSERT INTO gip5.wedstrijd(id, locatie, tegenstander,thuis_ploeg, tijdstip) VALUES (100,'Leuven',100,200,'2021-01-21');
INSERT INTO gip5.wedstrijd(id, locatie, tegenstander,thuis_ploeg, tijdstip) VALUES (200,'Oud-Heverlee',100,200,'2021-02-02');
INSERT INTO gip5.wedstrijd(id, locatie, tegenstander,thuis_ploeg, tijdstip) VALUES (300,'Brussel',300,400,'2021-02-14');
INSERT INTO gip5.wedstrijd(id, locatie, tegenstander,thuis_ploeg, tijdstip) VALUES (400,'Egenhoven',400,500,'2021-02-19');
INSERT INTO gip5.wedstrijd(id, locatie, tegenstander,thuis_ploeg, tijdstip) VALUES (500,'Zaventem',200,500,'2021-03-07');
INSERT INTO gip5.deelname(id,commentaar,persoon_id,status,wedstrijd_id) VALUES (100,'4 Uitstekende verdedigingen, 1 slechte verdediging',200,100,100);
INSERT INTO gip5.deelname(id,commentaar,persoon_id,status,wedstrijd_id) VALUES (200,'1 doelpunt gescored',300,400,200);
INSERT INTO gip5.toewijzing(id, persoon_id, ploeg_id, rol) VALUES(100,500,100,2);
INSERT INTO gip5.toewijzing(id, persoon_id, ploeg_id, rol) VALUES(200,600,100,2);
INSERT INTO gip5.toewijzing(id, persoon_id, ploeg_id, rol) VALUES(300,700,100,2);
INSERT INTO gip5.toewijzing(id, persoon_id, ploeg_id, rol) VALUES(400,800,200,2);
INSERT INTO gip5.toewijzing(id, persoon_id, ploeg_id, rol) VALUES(500,900,200,2);
INSERT INTO gip5.toewijzing(id, persoon_id, ploeg_id, rol) VALUES(600,100,200,2);
INSERT INTO gip5.toewijzing(id, persoon_id, ploeg_id, rol) VALUES(700,1100,300,2);
INSERT INTO gip5.toewijzing(id, persoon_id, ploeg_id, rol) VALUES(800,1200,3,2);
INSERT INTO gip5.toewijzing(id, persoon_id, ploeg_id, rol) VALUES(900,1300,4,2);